{"0.5": [{"min_scale": 0.65, "knots": [0.0, 4.0191704746339596e-05, 0.0003617253427164181, 0.003912957854923509, 0.020621666235372822, 0.13796642344868443, 1.0], "coefficients": [[0.0007924615994870368, 157.73634972459567], [0.005547231196406646, 39.434087431175016], [0.012883891058201036, 19.83011984333462, -1875.5592355446333], [0.03543750604345158, 7.583296100564439, -115.24362236371657], [0.07180699436150262, 3.916912906400647, -20.41518909795915, 56.591884585027266], [0.16569731964494744, 1.7455780850131823, -2.0229470065343764, 1.6803001979388266, -0.5694189205162237]], "max_error": 0.0007924615994870398}, {"min_scale": 0.12, "knots": [0.0, 3.1973740743929113e-07, 8.654166917459745e-06, 6.51136058110693e-05, 0.0005437337116530982, 0.0028243975859105364, 0.01718235207090088, 0.1124968992484239, 1.0], "coefficients": [[7.06816595110705e-05, 1768.4927159982947], [0.0004843743826270618, 482.269802137311, -23858899.614158727], [0.0018203276039051148, 144.32563950519932, -759301.3305053847], [0.004260433038064245, 65.29742046972594, -92195.39522402352, 67688801.28495601], [0.010957672403646465, 25.944294426900257, -6092.083133477152, 780217.7743748449], [0.022712648097993074, 12.811943781131676, -812.8171899503081, 37581.11017237621, -717188.4363037718], [0.05134104298113759, 5.759125396912406, -78.47793934591161, 883.8141848453827, -5498.4264300173445, 13974.04842417108], [0.12058004048790223, 2.4879102700584506, -6.682899836367678, 16.45321065866621, -26.744351113463992, 26.493776375031644, -14.432658473549914, 3.304502958991567]], "max_error": 7.08632034124787e-05}, {"min_scale": 0.065, "knots": [0.0, 2.2856928127978904e-08, 6.186566411757295e-07, 4.654747823269128e-06, 3.886965370255409e-05, 0.00020190647313350553, 0.0012283072762800285, 0.00557564486565173, 0.029205732547685742, 0.16654718824513043, 1.0], "coefficients": [[1.889813488150799e-05, 6614.409346941086], [0.0001295070386135018, 1803.7563074644609, -1248285114.1634471], [0.00048670046452163027, 539.7980168793395, -39726247.45272955], [0.0011391107476203975, 244.22145788702647, -4823614.738287815, 49539976353.884964], [0.002929749696647354, 97.03527895333522, -318734.59554905747, 571024591.9425461], [0.006072674142256994, 47.9184563073551, -42526.16924780233, 27504805.47977649, -7342565681.661462], [0.013940026541450407, 21.054327152446405, -3693.2125339027534, 484500.436835738, -26744127.909683224], [0.0276899799938786, 10.738586581060245, -516.9355775801421, 20945.9976758615, -475651.4614749314, 4461215.315805029], [0.05932908979462151, 5.060476848849243, -56.08894487698184, 560.2267437384053, -3535.3680682550203, 12295.300228049473, -17888.296156293258], [0.13326645402569567, 2.269668005057108, -5.196030159009634, 11.219240603539447, -16.381623035647994, 14.86214052106137, -7.529508806045361, 1.6228653439156813]], "max_error": 1.8926896312554398e-05}, {"min_scale": 0.03, "knots": [0.0, 2.6432467103987278e-08, 4.1385788748913134e-07, 2.55534387415981e-06, 1.8942028114032657e-05, 9.173242080223211e-05, 0.000530047003667737, 0.003341268959038343, 0.021986925340333127, 0.14768913512183218, 1.0], "coefficients": [[1.0993849622901575e-05, 11872.872900279348, -247949754838.95593], [0.00012090312697201933, 2044.3197770095258, -1953761023.8685727], [0.000379023813648468, 702.3256220199825, -89766674.04901278], [0.0008196955965750859, 341.4585604780884, -13369322.273339968, 275519546765.9427], [0.0020102908346864377, 141.79057869204343, -1001223.1229053657, 3882228061.7730336], [0.004041902514775231, 72.11255266283564, -145583.42259225628, 215215583.3211493, -131766858429.63033], [0.00893406604398424, 33.129572436193996, -14981.953561604518, 5617569.441285493, -1166469935.2252142, 99131550035.17957], [0.020784369985676822, 14.400358564749556, -1280.969816011322, 101593.2190971845, -5045798.704696557, 137137714.6539845, -1550573153.1709652], [0.04977234815108604, 6.064115494276123, -98.48859732392685, 1497.1849319909577, -15290.338578777988, 96499.58434466363, -338587.19171071035, 503607.9937094937], [0.1212051501483549, 2.5064667466980923, -7.109755357892226, 19.551397167520932, -37.83473877980077, 48.4595889704631, -38.93055379745543, 17.709683473703016, -3.4733045278563806]], "max_error": 1.0993849644597687e-05}, {"min_scale": 0.0, "knots": [0.0, 1.4852403529275193e-08, 2.3254675195229645e-07, 1.4358477554097687e-06, 1.0643525847751301e-05, 5.154444848894374e-05, 0.0002978334186427539, 0.0018774590745280276, 0.012354453657056386, 0.08298652710931154, 1.0], "coefficients": [[8.240988577138934e-06, 15838.946752042502, -588674364338.0868], [9.062897196289419e-05, 2727.21457754711, -4638556809.960826], [0.00028411621338668094, 936.9339837623552, -213121160.21129698], [0.0006144437388032307, 455.5210847615235, -31741016.365006514, 1164138922233.18], [0.0015069138130619072, 189.15501225967145, -2377071.8402568055, 16403383491.002666], [0.003029809730447116, 96.20139014743012, -345639.4944447306, 909339607.7029026, -990830900763.9026], [0.006696975035436697, 44.19634037538967, -35569.6738001702, 23735634.33049388, -8771359271.547976, 1326618973392.8113], [0.01557996171662171, 19.210726302065268, -3041.2374660861997, 429256.7315287453, -37942266.55792794, 1835233020.8830192, -36928998021.277985], [0.037309347329199785, 8.089802937193939, -233.82846991192912, 6325.980373704356, -114976.86208036394, 1291396.9289725355, -8063912.170252258, 21345623.040578324], [0.08970538943819874, 3.399913240367197, -18.03269179014221, 95.66356274427407, -374.71054958946365, 1046.5394107846462, -2066.5367862028725, 2852.607421701772, -2685.9537730957904, 1641.042041287552, -585.7335289728388, 92.62528275091081]], "max_error": 8.247851660536654e-06}], "1.5": [{"min_scale": 0.5, "knots": [0.0, 1.0], "coefficients": [[-0.0005852031804492765, 0.15992542422360778, 1.8026012162944893, -2.1597983963950513, 1.8051801089016783, -0.607908353024723]], "max_error": 0.0005852031804494118}, {"min_scale": 0.085, "knots": [0.0, 1.0], "coefficients": [[-5.5388624493821204e-05, 0.07239518949682555, 4.0517637091591645, -26.923034115043677, 156.99875403082234, -615.2892288056029, 1599.4059879861138, -2760.5550431979664, 3123.19174503593, -2223.2705984118757, 902.6085188712308, -159.29126029226418]], "max_error": 5.5388624493946104e-05}, {"min_scale": 0.02, "knots": [0.0, 1.0], "coefficients": [[-1.076422575563285e-05, 0.04188520332220946, 7.0235852106375205, -142.28031929169447, 2605.962318035832, -33540.70559015195, 305038.3987593008, -2012438.2205814198, 9863606.06152068, -36577771.29832663, 103930307.52869317, -227922169.82415408, 386606233.5379256, -505460501.6996783, 504247048.75168455, -376554950.37768686, 203668581.43043104, -75316088.05037023, 17029415.880565066, -1775241.1606609758]], "max_error": 1.0764225763959523e-05}, {"min_scale": 0.0, "knots": [0.0, 0.026601638907541636, 1.0], "coefficients": [[-2.4031626809530157e-07, 0.011807661822527404, 24.842191953814023, -6205.280394210604, 1360270.315385157, -200401022.62663496, 19582626673.754074, -1270574818825.1382, 54037355469174.65, -1446036880399377.0, 2.20687674810811e+16, -1.46407122537548e+17], [-0.0002882476879544904, 0.08930148530300652, 3.827757279866205, -30.319194784780564, 270.82907920757066, -1934.7700928008344, 10578.732414159178, -44108.228403105575, 140801.09152171324, -345368.10263030196, 651362.6000682556, -940858.1588676838, 1030386.9520619314, -839571.7573454086, 492651.4320793069, -196598.9414117283, 47735.424879565435, -5319.70092908449]], "max_error": 2.4147721091466456e-07}], "2.5": [{"min_scale": 0.2, "knots": [0.0, 1.0], "coefficients": [[7.816825349229745e-05, -0.009685630358383684, 0.3039587921215402, 1.0478488649746793, -0.47353455094212804, 0.13141252420429259]], "max_error": 7.816825349249434e-05}, {"min_scale": 0.0, "knots": [0.0, 1.0],